,Job_Title,Industry,State,N_Employees,Python,Java,Spark_Hadoop,Excel,Matlab,Tableau,Avg_Salary
0,data scientist,Manufacturing, IN,10000+ Employees,1,0,0,1,0,0,102.0
1,data scientist,Business Services, VA,5001 to 10000 Employees,1,1,1,0,1,0,93.0
2,data scientist,Insurance, CA,501 to 1000 Employees,1,0,0,1,0,0,98.0
3,data scientist,Health Care, VA,10000+ Employees,0,0,0,0,0,0,102.0
4,data engineer,Insurance, MD,10000+ Employees,0,1,1,1,0,0,76.5
5,data scientist,Insurance, MD,10000+ Employees,1,0,0,1,0,0,137.0
6,data analyst,Transportation & Logistics, KS,201 to 500 Employees,0,0,0,0,0,0,54.5
7,data scientist,Aerospace & Defense, MD,5001 to 10000 Employees,1,1,0,1,0,1,107.5
8,data analyst,Insurance, WI,201 to 500 Employees,0,0,0,0,0,0,63.5
9,data analyst,Finance, WI,201 to 500 Employees,0,0,0,1,0,0,47.5
10,data analyst,Telecommunications, IN,1001 to 5000 Employees,0,0,0,1,0,0,44.0
11,data scientist,Insurance, CT,501 to 1000 Employees,1,1,0,1,0,1,86.5
13,data analyst,Accounting & Legal, MI,1001 to 5000 Employees,0,0,0,1,0,0,49.0
14,data scientist,Business Services, MO,501 to 1000 Employees,0,0,0,1,0,0,66.0
15,data scientist,Health Care, IL,1001 to 5000 Employees,1,0,0,0,0,0,124.5
16,data analyst,Retail, WI,5001 to 10000 Employees,0,0,0,1,0,0,72.0
17,data scientist,Mining & Metals, AZ,10000+ Employees,1,0,0,1,0,0,133.5
18,data scientist,Business Services, TX,10000+ Employees,0,0,0,1,0,0,79.0
19,data scientist,Retail, NJ,10000+ Employees,1,1,0,1,0,1,98.0
20,data scientist,Biotech & Pharmaceuticals, MA,51 to 200 Employees,0,0,0,1,0,0,67.0
21,data analyst,Insurance, MN,501 to 1000 Employees,0,0,0,1,0,1,58.0
22,data analyst,Real Estate, NC,1001 to 5000 Employees,0,0,0,1,0,0,56.5
23,data scientist,Biotech & Pharmaceuticals, NC,501 to 1000 Employees,0,0,0,1,0,0,53.5
24,data scientist,Information Technology, CO,501 to 1000 Employees,1,0,0,1,0,0,91.0
25,data scientist,Information Technology, VA,501 to 1000 Employees,1,0,0,0,0,1,158.0
26,data scientist,Biotech & Pharmaceuticals, MA,51 to 200 Employees,0,0,0,1,0,0,82.5
27,data scientist,Biotech & Pharmaceuticals, MA,10000+ Employees,1,0,0,1,1,0,87.0
28,data analyst,Insurance, FL,1001 to 5000 Employees,0,0,0,1,0,0,67.0
29,data analyst,Manufacturing, FL,1001 to 5000 Employees,0,0,0,0,0,0,66.0
30,data scientist,Information Technology, DC,501 to 1000 Employees,1,1,0,1,0,0,115.0
31,data scientist,Finance, IL,501 to 1000 Employees,1,0,0,0,0,0,116.5
32,data scientist,Finance, IL,5001 to 10000 Employees,0,0,0,1,0,0,128.0
33,data scientist,Business Services, MD,1001 to 5000 Employees,1,1,0,1,0,0,121.0
34,data scientist,Mining & Metals, AZ,10000+ Employees,1,0,0,0,0,0,105.0
35,data analyst,Retail, WI,5001 to 10000 Employees,0,0,0,1,0,0,71.0
36,data scientist,Finance, IL,501 to 1000 Employees,1,0,0,1,0,0,116.5
37,data scientist,Biotech & Pharmaceuticals, NY,5001 to 10000 Employees,0,0,0,0,0,0,41.5
38,data scientist,Biotech & Pharmaceuticals, CA,1001 to 5000 Employees,0,0,0,1,0,0,84.0
39,data scientist,Travel & Tourism, WI,10000+ Employees,1,0,0,0,0,0,67.5
40,data scientist,Finance, KY,1001 to 5000 Employees,0,0,0,0,0,0,114.5
41,data engineer,Business Services, VA,5001 to 10000 Employees,0,1,1,0,0,0,96.0
42,data scientist,Biotech & Pharmaceuticals, MA,10000+ Employees,0,0,0,1,0,0,312.5
43,data scientist,Business Services, CA,51 to 200 Employees,1,1,0,1,0,1,109.0
44,data scientist,Biotech & Pharmaceuticals, MA,10000+ Employees,0,0,0,0,0,0,93.5
45,data scientist,Manufacturing, TN,1001 to 5000 Employees,1,1,1,0,1,0,109.0
46,data scientist,Health Care, CA,201 to 500 Employees,0,0,0,0,0,0,24.5
47,data scientist,Manufacturing, IA,501 to 1000 Employees,0,0,0,0,0,0,54.5
48,data scientist,Aerospace & Defense, MD,5001 to 10000 Employees,1,1,0,0,0,0,116.5
49,data scientist,Manufacturing, IN,1001 to 5000 Employees,1,0,0,0,0,1,72.0
50,data engineer,Health Care, NE,1001 to 5000 Employees,0,0,0,0,0,0,86.5
51,data engineer,Manufacturing, CA,1001 to 5000 Employees,1,1,1,1,0,0,138.5
52,data engineer,Business Services, MI,201 to 500 Employees,1,1,1,1,1,1,86.5
53,data engineer,Business Services, MO,201 to 500 Employees,1,1,1,1,0,0,74.5
54,data analyst,Finance, MD,1001 to 5000 Employees,1,0,0,1,0,1,60.5
55,data analyst,Health Care, IL,201 to 500 Employees,0,0,0,1,0,1,46.0
56,data scientist,Real Estate, NY,1001 to 5000 Employees,1,0,0,1,0,0,90.5
57,data analyst,Retail, WI,5001 to 10000 Employees,0,0,0,1,0,0,63.5
58,data scientist,Business Services, WA,201 to 500 Employees,1,0,1,0,0,0,101.0
59,data analyst,Non-Profit, NJ,1001 to 5000 Employees,0,0,0,1,0,0,53.5
60,data scientist,Biotech & Pharmaceuticals, TX,10000+ Employees,0,0,0,0,0,0,112.5
61,data scientist,Biotech & Pharmaceuticals, PA,10000+ Employees,0,0,0,1,0,0,239.5
62,data scientist,Business Services, OH,10000+ Employees,1,0,0,0,0,0,140.5
63,data scientist,Information Technology, NJ,10000+ Employees,1,0,0,0,0,0,133.0
64,data analyst,Non-Profit, NJ,1001 to 5000 Employees,0,0,0,1,0,0,53.5
65,data scientist,Biotech & Pharmaceuticals, MA,10000+ Employees,0,0,0,0,0,0,68.5
66,data engineer,Travel & Tourism, FL,5001 to 10000 Employees,0,0,0,1,0,0,80.5
67,data scientist,Biotech & Pharmaceuticals, TX,10000+ Employees,0,0,0,0,0,0,112.5
68,data scientist,Information Technology, MD,51 to 200 Employees,1,1,1,1,0,0,119.5
69,data scientist,Biotech & Pharmaceuticals, PA,10000+ Employees,0,0,0,1,0,0,239.5
70,data scientist,Business Services, MA,501 to 1000 Employees,0,0,0,0,0,0,45.0
71,data analyst,Insurance, OH,501 to 1000 Employees,1,0,0,1,0,1,64.5
72,data scientist,Biotech & Pharmaceuticals, OH,1001 to 5000 Employees,0,0,0,0,0,0,65.5
73,data scientist,Health Care, CA,1001 to 5000 Employees,1,0,0,1,0,1,54.5
74,data engineer,Insurance, WI,1001 to 5000 Employees,1,0,0,0,0,0,86.5
75,data analyst,Insurance, CA,501 to 1000 Employees,0,0,0,1,0,0,67.5
76,data scientist,"Oil, Gas, Energy & Utilities", TX,501 to 1000 Employees,0,0,0,1,0,0,50.5
77,data scientist,Information Technology, NY,10000+ Employees,1,0,1,0,0,0,121.5
78,data scientist,Biotech & Pharmaceuticals, CA,501 to 1000 Employees,1,0,1,0,0,0,104.5
79,data scientist,Insurance, WA,10000+ Employees,1,1,0,0,0,0,58.0
80,data scientist,Manufacturing, CA,1001 to 5000 Employees,1,0,0,1,1,0,139.5
81,data scientist,Biotech & Pharmaceuticals, MA,51 to 200 Employees,1,0,0,1,0,0,118.0
82,data analyst,Finance, UT,1001 to 5000 Employees,0,0,0,1,0,1,47.0
83,manager,Retail, WI,5001 to 10000 Employees,1,0,0,1,0,0,93.0
84,data scientist,Information Technology, NJ,1001 to 5000 Employees,1,0,1,0,0,0,133.5
85,data scientist,Biotech & Pharmaceuticals, CA,10000+ Employees,0,0,0,0,0,0,70.5
86,data scientist,Manufacturing, NC,10000+ Employees,0,0,0,1,0,0,90.5
87,data engineer,Information Technology, NY,201 to 500 Employees,1,0,0,1,0,0,101.0
88,data analyst,Retail, WI,5001 to 10000 Employees,0,0,0,1,0,1,72.0
89,data analyst,Insurance, WA,501 to 1000 Employees,0,0,0,1,0,1,74.5
90,data analyst,Business Services, MI,201 to 500 Employees,1,0,0,1,0,0,79.5
91,data scientist,Information Technology, CA,501 to 1000 Employees,1,1,0,1,0,0,143.0
92,data scientist,Health Care, CA,1001 to 5000 Employees,1,0,1,0,0,0,134.5
93,data engineer,Information Technology, GA,10000+ Employees,0,0,0,0,0,0,77.0
94,data scientist,Manufacturing, PA,1001 to 5000 Employees,1,0,1,1,0,0,100.0
95,data scientist,Manufacturing, TX,10000+ Employees,1,0,1,1,0,0,130.0
96,data analyst,Health Care, PA,201 to 500 Employees,0,0,0,1,0,0,57.5
97,data scientist,Information Technology, TX,10000+ Employees,1,0,1,1,0,0,113.5
98,data analyst,Accounting & Legal, MD,1001 to 5000 Employees,0,1,0,0,0,0,70.0
99,data engineer,Retail, OR,201 to 500 Employees,0,0,0,0,0,0,76.0
100,data analyst,Non-Profit, WI,201 to 500 Employees,0,1,0,1,0,0,65.0
101,data scientist,Biotech & Pharmaceuticals, UT,51 to 200 Employees,1,0,0,1,0,0,106.0
102,data scientist,Biotech & Pharmaceuticals, NJ,10000+ Employees,0,0,0,0,0,0,264.0
103,data scientist,Business Services, MD,501 to 1000 Employees,1,1,0,1,0,0,97.0
104,data scientist,Business Services, TX,1 to 50 Employees,1,0,0,0,0,0,90.5
105,data analyst,Insurance, ND,1001 to 5000 Employees,0,0,0,1,0,0,52.0
106,data scientist,Biotech & Pharmaceuticals, CA,201 to 500 Employees,1,0,0,0,0,0,148.0
107,data scientist,Manufacturing, MN,1001 to 5000 Employees,0,0,0,1,0,0,64.5
108,manager,Retail, WI,5001 to 10000 Employees,0,0,0,0,0,0,23.5
109,data analyst,Non-Profit, CA,201 to 500 Employees,0,0,0,0,0,0,38.5
110,data scientist,Information Technology, DC,501 to 1000 Employees,1,1,0,1,0,0,115.0
111,data scientist,Finance, IL,501 to 1000 Employees,1,0,0,0,0,0,116.5
112,data scientist,Education, GA,1001 to 5000 Employees,1,0,1,1,0,1,72.0
113,data scientist,Finance, TX,1001 to 5000 Employees,0,0,0,0,0,0,130.0
114,data analyst,Information Technology, MD,51 to 200 Employees,1,0,0,1,0,1,66.0
115,data scientist,Aerospace & Defense, MD,5001 to 10000 Employees,1,1,0,1,1,0,68.0
116,data scientist,Biotech & Pharmaceuticals, MO,10000+ Employees,1,0,0,1,1,0,88.0
117,data scientist,Manufacturing, IN,10000+ Employees,1,0,0,1,0,0,133.5
118,data scientist,Business Services, GA,201 to 500 Employees,1,0,0,0,0,0,81.5
119,data engineer,Information Technology, CA,51 to 200 Employees,1,0,1,0,0,0,146.0
120,data engineer,Information Technology, GA,1001 to 5000 Employees,1,0,0,1,0,0,84.0
121,data engineer,Information Technology, MD,51 to 200 Employees,1,1,1,0,0,0,135.5
122,data scientist,Manufacturing, SC,1 to 50 Employees,0,0,0,1,0,0,62.0
123,data scientist,Manufacturing, NY,10000+ Employees,0,0,0,1,0,0,49.5
124,data scientist,Aerospace & Defense, VA,10000+ Employees,1,1,1,0,0,0,111.0
125,data scientist,Information Technology, GA,1001 to 5000 Employees,1,0,0,0,1,0,94.5
126,data scientist,Finance, CA,201 to 500 Employees,1,0,0,1,0,1,132.0
127,data scientist,Manufacturing, VA,10000+ Employees,1,0,0,0,0,1,118.0
128,data analyst,Information Technology, CO,10000+ Employees,0,0,0,0,0,0,71.0
129,data scientist,Information Technology, CA,1001 to 5000 Employees,1,1,0,0,0,0,132.0
130,data scientist,Information Technology, CA,201 to 500 Employees,1,0,0,1,0,1,135.5
131,data scientist,Finance, AZ,1001 to 5000 Employees,1,0,0,0,0,0,110.0
132,data scientist,Finance, TX,5001 to 10000 Employees,1,1,0,1,0,1,142.0
133,manager,"Oil, Gas, Energy & Utilities", PA,501 to 1000 Employees,0,0,0,0,1,0,70.5
134,data scientist,Health Care, NM,10000+ Employees,1,0,1,0,0,1,102.0
135,data scientist,Biotech & Pharmaceuticals, CA,10000+ Employees,0,0,0,0,0,0,70.5
136,manager,Retail, IL,5001 to 10000 Employees,1,0,0,1,0,0,93.0
137,data analyst,Biotech & Pharmaceuticals, TX,501 to 1000 Employees,0,0,0,0,0,0,58.5
138,data scientist,Information Technology, DC,51 to 200 Employees,1,0,0,1,0,1,141.5
139,manager,Retail, SC,1 to 50 Employees,0,0,0,0,0,0,61.5
140,data analyst,Health Care, CT,10000+ Employees,0,0,0,1,0,0,70.0
141,data scientist,Manufacturing, NY,10000+ Employees,0,0,0,1,0,0,49.5
142,data engineer,Information Technology, GA,1001 to 5000 Employees,0,0,1,0,0,0,66.0
143,data analyst,Information Technology, VA,501 to 1000 Employees,0,0,0,1,0,0,76.0
144,data scientist,Manufacturing, MN,10000+ Employees,1,0,1,1,0,1,114.5
145,data engineer,Business Services, VA,5001 to 10000 Employees,0,1,1,0,0,0,101.0
146,data scientist,Information Technology, CA,10000+ Employees,1,0,1,1,0,0,167.5
147,data scientist,Insurance, IL,10000+ Employees,1,0,0,0,0,0,102.0
148,data scientist,Insurance, IL,10000+ Employees,1,0,1,1,0,0,102.0
149,data analyst,Retail, FL,1001 to 5000 Employees,0,0,0,1,0,1,57.5
150,data analyst,Finance, WA,1001 to 5000 Employees,1,0,0,1,0,1,94.5
151,data analyst,Manufacturing, MS,1001 to 5000 Employees,0,0,0,1,0,0,72.0
152,data scientist,Aerospace & Defense, NJ,201 to 500 Employees,0,0,0,0,0,0,130.0
153,data scientist,"Restaurants, Bars & Food Services", MI,10000+ Employees,0,1,0,1,0,0,67.5
154,data scientist,Manufacturing, NC,10000+ Employees,0,0,0,1,0,0,90.5
155,data engineer,Information Technology, NC,10000+ Employees,1,1,1,1,0,0,84.5
156,data scientist,Business Services, MA,1001 to 5000 Employees,1,1,0,1,0,0,103.0
157,data scientist,Finance, TX,501 to 1000 Employees,1,0,0,1,0,0,137.5
158,data scientist,Accounting & Legal, TX,10000+ Employees,1,0,1,1,0,0,114.0
159,data scientist,Health Care, CA,5001 to 10000 Employees,1,1,0,1,1,0,128.5
160,data scientist,Information Technology, CA,5001 to 10000 Employees,1,1,1,1,0,0,159.0
161,data scientist,Information Technology, WA,10000+ Employees,1,0,0,0,0,0,110.0
162,data scientist,Retail, TX,10000+ Employees,1,1,1,1,0,0,124.0
163,data engineer,Business Services, WA,201 to 500 Employees,1,0,1,0,0,0,100.0
164,data scientist,Business Services, CA,501 to 1000 Employees,1,1,0,1,0,0,111.0
165,data scientist,Insurance, MA,10000+ Employees,1,0,0,0,0,0,133.0
166,data scientist,Information Technology, VA,5001 to 10000 Employees,1,0,1,0,0,0,78.5
167,data scientist,Insurance, CA,1001 to 5000 Employees,1,0,0,0,1,0,93.5
168,data engineer,Insurance, WI,10000+ Employees,1,0,0,0,0,1,91.5
169,data scientist,Finance, TX,1001 to 5000 Employees,1,0,1,1,0,0,113.0
170,data analyst,Aerospace & Defense, VA,10000+ Employees,1,0,0,0,0,0,70.0
171,data scientist,Business Services, VA,10000+ Employees,1,0,0,0,0,1,82.5
172,data scientist,Government, MD,201 to 500 Employees,0,0,0,1,0,0,54.5
173,data scientist,Education, PA,5001 to 10000 Employees,0,0,0,1,0,0,91.0
174,data scientist,Aerospace & Defense, DC,10000+ Employees,1,1,1,0,0,1,109.0
175,manager,Insurance, OH,501 to 1000 Employees,1,1,1,1,0,1,52.5
176,data scientist,Business Services, MD,51 to 200 Employees,1,1,0,0,0,0,121.0
177,data engineer,Information Technology, CT,10000+ Employees,0,0,0,1,0,0,72.0
178,data engineer,Business Services, TX,1001 to 5000 Employees,1,0,0,0,0,1,85.5
179,data engineer,Information Technology, MI,51 to 200 Employees,1,0,1,1,0,0,107.5
180,data scientist,Aerospace & Defense, VA,10000+ Employees,1,0,1,0,0,0,91.5
181,data engineer,Non-Profit, PA,201 to 500 Employees,1,0,0,0,0,0,72.5
182,data scientist,Biotech & Pharmaceuticals, MA,51 to 200 Employees,0,0,0,0,0,0,50.0
183,data scientist,Non-Profit, MD,1001 to 5000 Employees,0,0,0,1,0,1,187.5
184,data scientist,Biotech & Pharmaceuticals, CA,1001 to 5000 Employees,1,0,0,0,0,0,120.0
185,data engineer,Business Services, TX,10000+ Employees,1,0,1,1,0,0,82.5
186,data scientist,Aerospace & Defense, VA,10000+ Employees,1,1,0,1,0,1,93.0
187,data scientist,Media, CA,501 to 1000 Employees,1,1,1,0,0,0,179.5
188,data scientist,Biotech & Pharmaceuticals, CA,10000+ Employees,0,0,0,0,0,0,80.5
189,data scientist,Manufacturing, PA,1001 to 5000 Employees,1,0,1,1,0,0,100.0
190,data scientist,Finance, IA,1001 to 5000 Employees,1,0,0,1,0,0,118.5
191,data scientist,Information Technology, CA,201 to 500 Employees,1,0,1,0,0,0,182.5
192,data analyst,Retail, WI,5001 to 10000 Employees,0,0,0,1,0,0,63.5
193,data scientist,Biotech & Pharmaceuticals, PA,10000+ Employees,0,0,0,1,0,0,239.5
194,data scientist,Biotech & Pharmaceuticals, TX,10000+ Employees,0,0,0,0,0,0,112.5
195,manager,Retail, WI,5001 to 10000 Employees,1,0,0,1,0,0,93.0
196,data scientist,Business Services, MA,501 to 1000 Employees,0,0,0,0,0,0,45.0
197,data scientist,Manufacturing, NC,10000+ Employees,0,0,0,1,0,0,90.5
198,data analyst,Retail, WI,5001 to 10000 Employees,0,0,0,1,0,1,72.0
199,data engineer,Information Technology, GA,10000+ Employees,0,0,0,0,0,0,77.0
200,data analyst,Business Services, MI,201 to 500 Employees,1,0,0,1,0,0,79.5
201,data engineer,Insurance, MD,10000+ Employees,0,1,1,1,0,0,89.5
202,data engineer,Insurance, NC,10000+ Employees,1,1,1,1,0,0,54.5
203,data analyst,Insurance, ND,1001 to 5000 Employees,0,0,0,1,0,0,52.0
204,data analyst,Non-Profit, WI,201 to 500 Employees,0,1,0,1,0,0,65.0
205,manager,Retail, WI,5001 to 10000 Employees,0,0,0,0,0,0,23.5
206,data analyst,Non-Profit, CA,201 to 500 Employees,0,0,0,0,0,0,38.5
207,data scientist,Education, GA,1001 to 5000 Employees,1,0,1,1,0,1,72.0
208,data scientist,Biotech & Pharmaceuticals, MO,10000+ Employees,1,0,0,1,1,0,88.0
209,manager,Education, NC,1 to 50 Employees,0,0,0,0,0,1,38.5
210,data engineer,Information Technology, GA,1001 to 5000 Employees,1,0,0,1,0,0,84.0
211,data scientist,Information Technology, CA,1001 to 5000 Employees,1,1,0,0,0,0,132.0
212,data analyst,Biotech & Pharmaceuticals, TX,501 to 1000 Employees,0,0,0,0,0,0,58.5
213,data analyst,Health Care, CT,10000+ Employees,0,0,0,1,0,0,70.0
214,data scientist,Insurance, IL,10000+ Employees,1,0,0,0,0,0,102.0
215,data engineer,Information Technology, VA,5001 to 10000 Employees,1,1,1,0,0,0,118.5
216,data scientist,Insurance, IL,10000+ Employees,1,0,1,1,0,0,102.0
217,data scientist,Information Technology, MA,501 to 1000 Employees,0,0,0,0,0,0,165.5
218,data scientist,Aerospace & Defense, VA,10000+ Employees,1,0,0,1,0,0,89.5
219,mach. learn. engineer,Information Technology, TX,10000+ Employees,1,1,0,1,0,0,103.5
220,data scientist,Information Technology, CA,10000+ Employees,1,1,1,1,0,0,125.5
221,data analyst,Retail, PA,201 to 500 Employees,0,0,0,1,0,0,53.5
222,data scientist,Information Technology, WA,10000+ Employees,1,0,0,0,0,0,110.0
223,data engineer,Business Services, WA,201 to 500 Employees,1,0,1,0,0,0,100.0
224,data analyst,Telecommunications, FL,201 to 500 Employees,0,0,0,0,0,0,44.0
225,data scientist,Insurance, MA,10000+ Employees,1,0,0,0,0,0,133.0
226,data scientist,Retail, TX,10000+ Employees,1,1,1,1,0,0,124.0
227,data analyst,Health Care, PA,5001 to 10000 Employees,0,0,0,1,0,0,49.5
228,data scientist,Information Technology, VA,5001 to 10000 Employees,1,0,1,0,0,0,78.5
229,data analyst,Insurance, NY,1001 to 5000 Employees,0,0,0,1,0,1,47.5
230,data analyst,Information Technology, VA,51 to 200 Employees,1,0,0,1,0,1,64.0
231,data scientist,Government, MD,201 to 500 Employees,0,0,0,1,0,0,54.5
232,data scientist,Education, PA,5001 to 10000 Employees,0,0,0,1,0,0,91.0
233,data analyst,Health Care, TX,1001 to 5000 Employees,0,0,0,1,0,0,89.5
234,data engineer,Information Technology, CT,10000+ Employees,0,0,0,1,0,0,72.0
235,data analyst,Finance, VA,201 to 500 Employees,0,0,0,1,0,1,86.5
236,data scientist,Business Services, MD,51 to 200 Employees,1,1,0,0,0,0,121.0
237,data engineer,Finance, TX,501 to 1000 Employees,1,0,1,0,0,0,60.0
238,manager,Business Services, NY,501 to 1000 Employees,0,0,1,1,0,1,157.0
239,data scientist,Aerospace & Defense, VA,10000+ Employees,1,0,1,0,0,0,91.5
240,data analyst,Business Services, WI,51 to 200 Employees,0,0,0,1,0,1,59.0
241,data engineer,Non-Profit, PA,201 to 500 Employees,1,0,0,0,0,0,72.5
242,data analyst,Non-Profit, PA,201 to 500 Employees,1,0,0,1,0,0,63.0
243,data scientist,Non-Profit, MD,1001 to 5000 Employees,0,0,0,1,0,1,187.5
244,data analyst,Retail, IL,5001 to 10000 Employees,0,0,0,1,0,0,72.0
245,data scientist,Media, CA,501 to 1000 Employees,1,1,1,0,0,0,179.5
246,data scientist,Biotech & Pharmaceuticals, CA,1001 to 5000 Employees,1,0,0,0,0,0,120.0
247,mach. learn. engineer,Aerospace & Defense, NJ,10000+ Employees,1,0,0,0,0,0,95.5
248,data engineer,Finance, CA,501 to 1000 Employees,1,1,0,1,0,1,163.0
249,data scientist,Health Care, TN,10000+ Employees,0,0,0,0,0,0,26.5
250,data engineer,Finance, CA,1001 to 5000 Employees,1,1,0,1,0,0,112.0
251,data scientist,Biotech & Pharmaceuticals, CA,51 to 200 Employees,1,0,0,0,0,0,135.0
252,data analyst,Information Technology, OH,501 to 1000 Employees,0,0,0,0,0,0,76.0
253,data scientist,Health Care, TX,501 to 1000 Employees,1,0,0,0,0,1,89.5
254,data scientist,Retail, TX,10000+ Employees,1,1,1,1,0,0,124.0
255,data analyst,Aerospace & Defense, VA,10000+ Employees,1,0,0,0,0,0,70.0
256,data scientist,Biotech & Pharmaceuticals, CA,201 to 500 Employees,1,1,0,0,0,0,211.0
257,data scientist,Information Technology, WA,10000+ Employees,1,0,0,0,0,0,110.0
258,data analyst,Retail, IL,5001 to 10000 Employees,0,0,0,1,0,0,72.0
259,data scientist,Biotech & Pharmaceuticals, TX,1001 to 5000 Employees,0,0,0,1,0,0,51.5
260,data scientist,Information Technology, CA,5001 to 10000 Employees,1,1,1,1,0,0,159.0
261,data engineer,Business Services, WA,201 to 500 Employees,1,0,1,0,0,0,100.0
262,data analyst,Media, TX,201 to 500 Employees,0,0,0,1,0,1,110.0
263,data analyst,Telecommunications, FL,201 to 500 Employees,0,0,0,0,0,0,44.0
264,data scientist,Insurance, MA,10000+ Employees,1,0,0,0,0,0,133.0
265,data engineer,Non-Profit, PA,201 to 500 Employees,1,0,0,0,0,0,72.5
266,data scientist,Business Services, CA,501 to 1000 Employees,1,1,0,1,0,0,111.0
267,data analyst,Business Services, WI,51 to 200 Employees,0,0,0,1,0,1,59.0
268,data scientist,Insurance, CA,1001 to 5000 Employees,1,0,0,0,1,0,93.5
269,data scientist,Finance, TX,1001 to 5000 Employees,1,0,1,1,0,0,113.0
270,data engineer,Insurance, WI,10000+ Employees,1,0,0,0,0,1,91.5
271,data analyst,Health Care, PA,5001 to 10000 Employees,0,0,0,1,0,0,49.5
272,data scientist,Business Services, VA,10000+ Employees,1,0,0,0,0,1,82.5
273,data analyst,Insurance, NY,1001 to 5000 Employees,0,0,0,1,0,1,47.5
274,data analyst,Business Services, MO,1001 to 5000 Employees,1,0,0,0,1,0,53.5
275,data analyst,Information Technology, VA,51 to 200 Employees,1,0,0,1,0,1,64.0
276,data scientist,Government, MD,201 to 500 Employees,0,0,0,1,0,0,54.5
277,data scientist,Education, PA,5001 to 10000 Employees,0,0,0,1,0,0,91.0
278,data scientist,Aerospace & Defense, DC,10000+ Employees,1,1,1,0,0,1,109.0
279,data engineer,Information Technology, CT,10000+ Employees,0,0,0,1,0,0,72.0
280,data scientist,Finance, NY,51 to 200 Employees,1,0,0,1,1,0,177.0
281,data analyst,Health Care, TX,1001 to 5000 Employees,0,0,0,1,0,0,89.5
282,data analyst,Information Technology, VA,51 to 200 Employees,1,0,0,1,0,1,64.0
283,data scientist,Government, MD,201 to 500 Employees,0,0,0,1,0,0,54.5
284,data scientist,Aerospace & Defense, DC,10000+ Employees,1,1,1,0,0,1,109.0
285,mach. learn. engineer,Finance, NY,51 to 200 Employees,1,0,0,1,1,0,177.0
286,data engineer,Information Technology, CT,10000+ Employees,0,0,0,1,0,0,72.0
287,data scientist,Finance, IL,501 to 1000 Employees,1,0,0,1,0,0,196.0
288,data engineer,Health Care, VA,10000+ Employees,1,1,0,1,0,0,73.5
289,data analyst,Finance, VA,201 to 500 Employees,0,0,0,1,0,1,86.5
290,data engineer,Manufacturing, TX,5001 to 10000 Employees,1,0,0,1,0,0,145.0
292,data scientist,Information Technology, NY,201 to 500 Employees,0,0,0,1,0,0,182.0
293,manager,Business Services, NY,501 to 1000 Employees,0,0,1,1,0,1,157.0
294,data scientist,Business Services, MD,51 to 200 Employees,1,1,0,0,0,0,121.0
295,data analyst,Finance, AZ,1001 to 5000 Employees,0,0,0,1,0,1,60.0
296,data scientist,Retail, CA,501 to 1000 Employees,1,0,0,0,1,1,149.5
297,data engineer,Information Technology, MI,51 to 200 Employees,1,0,1,1,0,0,107.5
298,data scientist,Biotech & Pharmaceuticals, PA,10000+ Employees,0,0,0,1,0,0,49.0
299,data scientist,Aerospace & Defense, VA,10000+ Employees,1,0,1,0,0,0,91.5
300,data scientist,Biotech & Pharmaceuticals, MD,10000+ Employees,0,0,0,0,0,0,58.5
301,data scientist,Non-Profit, MD,1001 to 5000 Employees,0,0,0,1,0,1,187.5
302,data analyst,Retail, IL,5001 to 10000 Employees,0,0,0,1,0,0,72.0
303,data engineer,Business Services, TX,10000+ Employees,1,0,1,1,0,0,82.5
304,data scientist,Aerospace & Defense, VA,10000+ Employees,1,1,0,1,0,1,93.0
305,data scientist,Manufacturing, PA,10000+ Employees,1,1,0,0,0,0,123.0
306,data scientist,Media, CA,501 to 1000 Employees,1,1,1,0,0,0,179.5
307,data scientist,Biotech & Pharmaceuticals, MA,51 to 200 Employees,0,0,0,0,0,0,103.0
308,data scientist,Biotech & Pharmaceuticals, MD,51 to 200 Employees,0,0,0,1,0,0,50.5
309,data scientist,Information Technology, OH,201 to 500 Employees,1,0,1,0,0,0,82.0
310,data scientist,Manufacturing, PA,1001 to 5000 Employees,1,0,1,1,0,0,100.0
311,data analyst,Finance, UT,201 to 500 Employees,1,1,0,0,0,0,81.0
312,data scientist,Telecommunications, GA,10000+ Employees,1,1,1,0,0,1,87.0
313,data scientist,Information Technology, CA,10000+ Employees,0,0,0,1,0,0,129.5
314,data scientist,Information Technology, CT,51 to 200 Employees,1,0,0,1,0,1,85.0
315,data scientist,Consumer Services, TX,201 to 500 Employees,1,1,1,0,0,1,128.5
316,data scientist,Information Technology, MA,1 to 50 Employees,1,1,0,1,0,0,114.5
317,manager,Health Care, NJ,1001 to 5000 Employees,0,0,0,1,0,0,69.0
318,data scientist,Information Technology, CA,1001 to 5000 Employees,1,0,0,1,1,1,111.0
319,data scientist,Information Technology, NY,201 to 500 Employees,1,0,1,0,0,1,138.0
320,data scientist,Health Care, CA,51 to 200 Employees,1,0,0,0,0,0,142.5
321,data scientist,Finance, OH,10000+ Employees,0,0,0,1,0,0,118.0
322,mach. learn. engineer,Aerospace & Defense, NJ,10000+ Employees,1,0,0,0,0,0,95.5
323,data scientist,Biotech & Pharmaceuticals, PA,10000+ Employees,0,0,0,0,0,0,86.5
324,data scientist,Information Technology, CA,201 to 500 Employees,1,0,0,1,0,1,139.0
325,data scientist,Business Services, PA,1001 to 5000 Employees,1,0,1,1,1,0,120.0
326,data scientist,Health Care, TN,10000+ Employees,0,0,0,0,0,0,26.5
327,data scientist,Finance, VA,10000+ Employees,1,0,1,0,0,0,113.0
328,data analyst,Information Technology, CA,1001 to 5000 Employees,0,0,0,1,0,1,79.0
329,data scientist,Biotech & Pharmaceuticals, MA,51 to 200 Employees,0,0,0,1,0,0,213.5
330,data scientist,Biotech & Pharmaceuticals, CA,51 to 200 Employees,1,0,0,0,0,0,135.0
331,data scientist,"Oil, Gas, Energy & Utilities", CO,10000+ Employees,1,0,0,1,0,0,127.5
332,data scientist,Business Services, MA,10000+ Employees,0,0,0,1,0,0,112.0
333,data scientist,Manufacturing, OR,10000+ Employees,1,0,1,1,0,0,119.0
334,data scientist,Information Technology, TX,51 to 200 Employees,1,1,1,0,1,0,120.0
335,data scientist,Aerospace & Defense, VA,51 to 200 Employees,1,0,0,0,1,0,90.5
336,data scientist,Information Technology, NY,10000+ Employees,1,0,1,1,0,1,137.5
337,data scientist,Information Technology, CA,1001 to 5000 Employees,1,0,1,0,0,0,132.5
338,data scientist,Information Technology, CA,51 to 200 Employees,1,0,0,0,0,0,130.0
339,data scientist,Finance, UT,201 to 500 Employees,1,0,0,1,0,0,42.0
340,data scientist,Media, TX,1001 to 5000 Employees,1,0,1,0,0,1,136.0
341,data scientist,Education, MA,1001 to 5000 Employees,1,0,1,0,0,0,182.0
342,data scientist,Information Technology, CA,10000+ Employees,0,0,0,1,0,1,149.0
343,data analyst,Insurance, NJ,1001 to 5000 Employees,1,0,0,0,1,0,117.0
344,data scientist,Information Technology, CA,10000+ Employees,1,1,1,1,0,0,125.5
345,data scientist,Information Technology, CA,501 to 1000 Employees,1,0,1,0,0,0,151.5
346,data scientist,Biotech & Pharmaceuticals, TX,501 to 1000 Employees,0,0,0,1,0,0,66.5
347,data scientist,Information Technology, TX,201 to 500 Employees,1,0,0,1,0,1,138.5
348,data scientist,Manufacturing, IL,10000+ Employees,1,0,1,0,0,0,116.0
349,data scientist,Government, OH,501 to 1000 Employees,0,0,0,0,0,0,116.0
350,data scientist,Finance, OH,10000+ Employees,0,0,0,1,0,0,118.0
351,data scientist,Manufacturing, NY,1001 to 5000 Employees,1,0,0,1,0,0,135.0
352,data scientist,Information Technology, CA,201 to 500 Employees,0,0,0,0,0,0,146.0
353,data scientist,Insurance, PA,10000+ Employees,1,0,1,0,0,0,113.0
354,data scientist,Information Technology, DC,1001 to 5000 Employees,1,0,0,0,0,0,113.0
355,data scientist,Media, CA,5001 to 10000 Employees,1,0,0,1,0,1,144.0
356,data scientist,Information Technology, CA,10000+ Employees,1,0,0,1,0,0,114.0
357,data scientist,Health Care, WI,1001 to 5000 Employees,1,0,0,1,0,0,87.5
358,data analyst,Finance, CA,201 to 500 Employees,0,0,0,1,0,1,72.0
359,data scientist,Information Technology, MA,1 to 50 Employees,1,0,1,0,0,0,77.0
360,data scientist,Information Technology, VA,10000+ Employees,1,1,0,0,0,0,104.0
361,data scientist,Information Technology, NC,51 to 200 Employees,1,0,0,0,0,0,104.5
362,data scientist,Information Technology, MA,501 to 1000 Employees,1,0,0,1,1,0,101.5
363,data scientist,Manufacturing, NJ,10000+ Employees,1,0,0,1,0,0,116.5
364,data scientist,Information Technology, CA,201 to 500 Employees,0,0,0,0,0,0,134.0
365,data scientist,Health Care, CA,10000+ Employees,0,0,0,1,0,0,128.5
366,data scientist,Information Technology, OR,1 to 50 Employees,1,0,1,1,0,0,144.5
367,data scientist,Health Care, MA,10000+ Employees,1,1,0,1,0,0,85.0
368,data scientist,Retail, CA,51 to 200 Employees,1,0,0,0,0,0,158.0
369,data scientist,"Oil, Gas, Energy & Utilities", TX,1001 to 5000 Employees,1,1,0,1,0,0,105.0
370,data scientist,Information Technology, CA,10000+ Employees,1,0,0,1,0,0,155.5
371,data scientist,Information Technology, UT,501 to 1000 Employees,1,0,0,1,0,0,80.0
372,data scientist,"Oil, Gas, Energy & Utilities", TX,1001 to 5000 Employees,1,1,0,1,0,0,105.0
373,data analyst,Aerospace & Defense, TX,10000+ Employees,1,0,0,0,1,0,62.5
374,data scientist,Information Technology, NJ,10000+ Employees,1,0,0,0,0,0,133.0
375,data scientist,Information Technology, UT,501 to 1000 Employees,1,0,0,1,0,0,80.0
376,data scientist,"Oil, Gas, Energy & Utilities", MA,51 to 200 Employees,1,0,0,1,0,0,98.0
377,data scientist,Agriculture & Forestry, FL,1 to 50 Employees,1,0,0,0,0,0,104.5
378,data analyst,Health Care, MA,5001 to 10000 Employees,0,0,0,1,0,0,48.0
379,data scientist,Information Technology, NY,10000+ Employees,1,0,1,0,0,1,131.0
380,data scientist,Agriculture & Forestry, CO,10000+ Employees,1,0,0,0,0,0,87.5
381,data scientist,Information Technology, NJ,1 to 50 Employees,1,1,1,1,1,1,149.0
382,data scientist,Information Technology, VA,51 to 200 Employees,1,0,1,1,0,1,130.0
383,data scientist,Information Technology, MA,1001 to 5000 Employees,0,0,0,0,0,0,136.5
384,data scientist,Retail, CA,501 to 1000 Employees,1,0,0,0,0,1,144.5
385,data scientist,Business Services, CA,1001 to 5000 Employees,1,0,0,1,0,0,116.0
386,data scientist,Business Services, WI,1001 to 5000 Employees,1,0,0,0,0,0,110.5
387,data scientist,Information Technology, VA,10000+ Employees,1,1,0,1,0,0,118.5
389,data scientist,Aerospace & Defense, CO,10000+ Employees,0,0,1,0,0,0,89.5
390,data scientist,Information Technology, CA,10000+ Employees,1,0,1,0,0,1,147.5
391,data scientist,Business Services, MA,201 to 500 Employees,1,0,0,1,0,0,133.0
392,data engineer,Transportation & Logistics, NJ,5001 to 10000 Employees,1,1,0,1,0,0,182.0
393,data scientist,Information Technology, MA,201 to 500 Employees,1,0,0,0,0,0,124.5
394,manager,Information Technology, IL,501 to 1000 Employees,0,0,0,1,0,0,67.0
395,data scientist,Information Technology, NY,10000+ Employees,1,0,0,1,0,1,68.5
396,data scientist,Information Technology, CA,201 to 500 Employees,1,0,0,0,0,0,127.0
397,data scientist,Information Technology, WA,1001 to 5000 Employees,1,0,0,0,0,1,101.5
398,data scientist,Information Technology, CA,1001 to 5000 Employees,1,0,0,0,0,0,127.5
399,manager,Information Technology, NY,501 to 1000 Employees,1,0,0,1,0,0,79.0
400,data scientist,Information Technology, NY,1001 to 5000 Employees,1,0,1,0,0,0,139.5
401,data scientist,Business Services, NJ,51 to 200 Employees,1,1,0,0,1,0,87.0
402,data scientist,Finance, UT,1001 to 5000 Employees,1,1,1,1,0,0,86.5
403,data scientist,Information Technology, NY,1001 to 5000 Employees,1,1,1,0,0,0,112.0
404,data scientist,Information Technology, CA,10000+ Employees,1,1,1,0,0,0,135.0
405,data scientist,Biotech & Pharmaceuticals, MA,10000+ Employees,0,0,0,0,0,0,102.0
406,data scientist,Biotech & Pharmaceuticals, CA,501 to 1000 Employees,1,0,0,1,0,0,115.5
407,data scientist,Biotech & Pharmaceuticals, WA,5001 to 10000 Employees,0,0,0,1,0,0,78.5
408,data scientist,Retail, NC,10000+ Employees,1,1,1,0,0,0,121.5
409,mach. learn. engineer,Education, CA,501 to 1000 Employees,1,0,0,0,0,0,108.5
410,data scientist,Finance, FL,10000+ Employees,0,0,0,0,0,0,103.0
411,data scientist,Business Services, NY,10000+ Employees,1,0,0,0,0,0,104.0
412,data scientist,Finance, CO,201 to 500 Employees,1,0,1,0,1,0,135.0
413,data scientist,Biotech & Pharmaceuticals, MN,1001 to 5000 Employees,1,0,1,0,0,0,72.0
414,data scientist,Finance, NY,5001 to 10000 Employees,1,1,1,0,0,0,112.5
415,data scientist,Manufacturing, MA,1001 to 5000 Employees,1,0,0,1,0,0,104.0
416,data scientist,Aerospace & Defense, MD,201 to 500 Employees,1,0,0,1,1,0,110.0
417,data scientist,Information Technology, GA,1001 to 5000 Employees,1,1,1,0,0,0,119.0
418,data scientist,Manufacturing, CA,10000+ Employees,0,0,1,0,0,0,107.0
419,data scientist,Accounting & Legal, CA,51 to 200 Employees,1,0,1,0,1,0,142.0
420,data scientist,Biotech & Pharmaceuticals, WY,10000+ Employees,0,0,1,0,0,0,74.0
421,data scientist,Manufacturing, MA,5001 to 10000 Employees,1,0,0,0,1,0,79.5
422,data scientist,Biotech & Pharmaceuticals, MA,201 to 500 Employees,1,0,0,0,0,0,82.0
423,data scientist,Aerospace & Defense, DC,10000+ Employees,1,1,1,0,0,1,139.0
424,data scientist,Manufacturing, MD,1001 to 5000 Employees,1,0,0,0,0,0,78.5
425,data scientist,Business Services, MA,10000+ Employees,1,0,1,1,0,0,71.5
426,data scientist,Information Technology, NY,1001 to 5000 Employees,1,0,0,0,0,0,73.0
427,data scientist,Finance, NY,201 to 500 Employees,1,0,0,0,0,0,150.5
428,data scientist,Business Services, IL,51 to 200 Employees,1,0,0,1,0,0,104.0
429,data scientist,Health Care, IL,5001 to 10000 Employees,1,1,0,0,0,0,79.0
430,data scientist,Business Services, CA,201 to 500 Employees,0,0,0,0,0,0,164.5
431,data scientist,Finance, TX,1001 to 5000 Employees,1,0,0,0,0,1,121.5
432,data scientist,Information Technology, NC,201 to 500 Employees,1,1,1,1,0,0,116.5
433,data scientist,Information Technology, MI,1001 to 5000 Employees,1,0,1,1,0,0,92.0
434,data scientist,Information Technology, CA,10000+ Employees,1,1,1,0,0,0,135.0
435,data scientist,Finance, UT,1001 to 5000 Employees,1,1,1,1,0,0,86.5
436,data scientist,Biotech & Pharmaceuticals, NC,51 to 200 Employees,0,0,0,1,0,0,47.0
437,data scientist,Information Technology, NY,1001 to 5000 Employees,1,1,1,0,0,0,112.0
438,data scientist,Manufacturing, GA,10000+ Employees,1,1,1,0,0,0,126.5
439,data scientist,Biotech & Pharmaceuticals, MA,10000+ Employees,0,0,0,0,0,0,102.0
441,data scientist,Biotech & Pharmaceuticals, CA,501 to 1000 Employees,1,0,0,1,0,0,115.5
442,mach. learn. engineer,Education, CA,501 to 1000 Employees,1,0,0,0,0,0,108.5
443,data scientist,Retail, NC,10000+ Employees,1,1,1,0,0,0,121.5
444,data scientist,Business Services, CA,201 to 500 Employees,0,0,0,0,0,0,164.5
445,data scientist,Finance, FL,10000+ Employees,0,0,0,0,0,0,103.0
446,data scientist,Finance, CO,201 to 500 Employees,1,0,1,0,1,0,135.0
447,data scientist,Information Technology, MI,1001 to 5000 Employees,1,0,0,1,0,1,83.0
448,data scientist,Information Technology, WA,1 to 50 Employees,1,0,0,0,0,0,90.5
449,data scientist,Finance, NY,5001 to 10000 Employees,1,1,1,0,0,0,112.5
450,data scientist,Aerospace & Defense, MD,201 to 500 Employees,1,0,0,1,1,0,110.0
451,data scientist,Biotech & Pharmaceuticals, MN,1001 to 5000 Employees,1,0,1,0,0,0,72.0
452,data scientist,Insurance, CA,1001 to 5000 Employees,1,0,0,0,0,1,106.0
453,data scientist,Manufacturing, CA,10000+ Employees,0,0,1,0,0,0,107.0
454,data scientist,Manufacturing, MA,5001 to 10000 Employees,1,0,0,0,1,0,79.5
455,data scientist,Government, VA,5001 to 10000 Employees,1,1,0,0,0,1,97.5
456,data scientist,Information Technology, CA,5001 to 10000 Employees,0,0,0,1,0,0,156.0
457,data scientist,Biotech & Pharmaceuticals, MA,201 to 500 Employees,1,0,0,0,0,0,82.0
458,data scientist,Manufacturing, MD,1001 to 5000 Employees,1,0,0,0,0,0,78.5
459,data scientist,Aerospace & Defense, DC,10000+ Employees,1,1,1,0,0,1,139.0
460,data scientist,Business Services, MA,10000+ Employees,1,0,1,1,0,0,71.5
461,data scientist,Business Services, FL,201 to 500 Employees,1,0,0,0,0,1,80.0
462,data scientist,Manufacturing, MD,1001 to 5000 Employees,1,0,0,0,0,0,78.5
463,data scientist,Biotech & Pharmaceuticals, MA,201 to 500 Employees,1,0,0,0,0,0,82.0
464,data scientist,Business Services, FL,201 to 500 Employees,1,0,0,0,0,1,80.0
465,data scientist,Aerospace & Defense, DC,10000+ Employees,1,1,1,0,0,1,139.0
466,data scientist,Information Technology, NY,1001 to 5000 Employees,1,0,0,0,0,0,73.0
467,data scientist,Business Services, MA,10000+ Employees,1,0,1,1,0,0,71.5
468,data scientist,Finance, NY,201 to 500 Employees,1,0,0,0,0,0,150.5
469,data scientist,Information Technology, CA,10000+ Employees,1,1,0,0,0,0,103.5
470,data scientist,Business Services, VA,1001 to 5000 Employees,1,1,0,1,0,0,77.0
471,data scientist,Aerospace & Defense, FL,201 to 500 Employees,1,1,0,1,0,0,86.5
472,data scientist,Information Technology, VA,1001 to 5000 Employees,1,0,0,0,0,0,95.0
473,data scientist,Finance, NY,1001 to 5000 Employees,0,0,1,0,1,0,156.0
474,data scientist,Information Technology, CA,1001 to 5000 Employees,0,0,0,0,0,0,128.5
475,data scientist,Business Services, OH,1 to 50 Employees,0,0,0,1,0,0,83.5
476,data scientist,Business Services, TX,501 to 1000 Employees,1,0,0,1,0,1,104.5
477,data scientist,Finance, TX,1001 to 5000 Employees,1,0,0,0,0,1,121.5
478,data scientist,Business Services, OH,1001 to 5000 Employees,1,0,1,0,0,0,107.0
479,data scientist,Finance, VA,5001 to 10000 Employees,1,0,0,1,0,1,118.0
480,data scientist,Finance, CA,201 to 500 Employees,1,0,0,1,0,1,132.0
481,data scientist,Business Services, CA,201 to 500 Employees,1,0,0,0,0,0,163.0
482,data scientist,Information Technology, MD,1 to 50 Employees,0,0,0,0,0,0,98.0
483,data analyst,Manufacturing, IL,501 to 1000 Employees,0,0,0,0,0,0,61.5
484,data scientist,Biotech & Pharmaceuticals, WA,5001 to 10000 Employees,0,0,0,1,0,0,78.5
485,data scientist,Aerospace & Defense, VA,51 to 200 Employees,1,1,1,0,1,0,100.0
486,data scientist,Biotech & Pharmaceuticals, MD,10000+ Employees,1,0,0,0,0,0,104.5
487,data scientist,Biotech & Pharmaceuticals, MA,10000+ Employees,1,1,1,0,0,0,90.0
488,data scientist,Travel & Tourism, CA,51 to 200 Employees,1,0,0,1,1,1,89.0
489,data scientist,Retail, CA,1001 to 5000 Employees,0,0,0,1,0,0,114.5
490,data scientist,Finance, IN,5001 to 10000 Employees,1,0,0,1,1,0,72.5
491,data scientist,Aerospace & Defense, MD,10000+ Employees,0,1,0,1,0,0,133.0
492,data scientist,Biotech & Pharmaceuticals, MA,10000+ Employees,1,1,1,0,0,0,90.0
494,data analyst,"Oil, Gas, Energy & Utilities", WI,201 to 500 Employees,1,0,0,1,0,0,79.5
495,data scientist,Information Technology, NY,501 to 1000 Employees,1,0,0,1,0,0,118.0
496,data scientist,Biotech & Pharmaceuticals, PA,10000+ Employees,1,0,0,1,0,1,88.5
497,data scientist,Business Services, TX,10000+ Employees,1,0,0,1,0,1,93.0
498,data scientist,Information Technology, FL,51 to 200 Employees,1,0,1,0,1,0,92.5
499,data scientist,Health Care, NY,501 to 1000 Employees,1,0,0,1,0,0,107.5
500,data scientist,Biotech & Pharmaceuticals, PA,10000+ Employees,0,0,0,1,0,0,138.0
501,data scientist,Manufacturing, UT,1001 to 5000 Employees,1,0,1,1,1,1,123.0
502,data scientist,Aerospace & Defense, MD,10000+ Employees,0,0,0,1,0,0,87.0
503,data scientist,Information Technology, MA,501 to 1000 Employees,0,0,0,0,0,0,102.5
504,data scientist,Manufacturing, MI,10000+ Employees,1,0,1,1,0,1,91.5
505,data scientist,Business Services, CA,51 to 200 Employees,1,1,1,1,0,0,107.0
506,data scientist,Biotech & Pharmaceuticals, NC,51 to 200 Employees,0,0,0,1,0,0,47.0
507,data scientist,Biotech & Pharmaceuticals, NJ,10000+ Employees,1,0,0,0,0,0,112.5
508,data scientist,Information Technology, NY,51 to 200 Employees,1,1,1,0,1,0,141.5
509,data scientist,Business Services, VA,51 to 200 Employees,1,1,0,0,0,0,80.0
510,data scientist,Business Services, DC,1 to 50 Employees,1,0,1,0,0,0,80.0
511,data scientist,Information Technology, DC,10000+ Employees,1,0,1,0,0,1,77.5
512,data scientist,Health Care, NY,51 to 200 Employees,1,0,0,0,0,0,105.0
513,data scientist,Health Care, AL,5001 to 10000 Employees,1,0,0,1,0,1,83.5
514,data scientist,Biotech & Pharmaceuticals, MA,1001 to 5000 Employees,1,0,0,1,0,0,114.5
515,mach. learn. engineer,Aerospace & Defense, OH,201 to 500 Employees,1,0,0,0,0,0,108.0
516,data scientist,Non-Profit, NE,1001 to 5000 Employees,0,0,0,1,0,0,52.5
517,data engineer,Health Care, MO,1001 to 5000 Employees,0,0,0,1,0,1,110.5
518,data analyst,Manufacturing, IL,501 to 1000 Employees,0,0,0,0,0,0,61.5
519,manager,Health Care, NJ,1001 to 5000 Employees,0,0,0,1,0,0,69.0
520,data analyst,Biotech & Pharmaceuticals, MD,501 to 1000 Employees,0,0,0,1,0,0,120.0
521,data scientist,Information Technology, IL,501 to 1000 Employees,1,1,0,1,1,0,103.0
522,data scientist,Information Technology, IL,201 to 500 Employees,1,0,0,0,0,0,84.5
523,data scientist,Information Technology, TN,501 to 1000 Employees,1,0,1,0,0,0,76.5
524,data scientist,Information Technology, VA,51 to 200 Employees,0,1,1,0,0,0,116.0
525,data scientist,Real Estate, CA,51 to 200 Employees,1,0,0,0,0,0,97.0
526,data scientist,Manufacturing, MA,1001 to 5000 Employees,1,0,0,1,0,0,104.0
527,data scientist,Finance, NC,1001 to 5000 Employees,0,0,1,0,0,0,109.0
528,data scientist,Information Technology, MD,1 to 50 Employees,1,1,0,1,1,0,70.5
529,data scientist,Media, CA,5001 to 10000 Employees,1,0,0,1,0,1,144.0
530,data scientist,"Oil, Gas, Energy & Utilities", LA,1001 to 5000 Employees,0,0,0,0,0,0,93.5
531,data scientist,Education, VA,5001 to 10000 Employees,1,1,1,1,1,0,76.0
532,data scientist,Retail, CA,5001 to 10000 Employees,1,0,0,0,0,0,177.0
533,data scientist,Accounting & Legal, MA,51 to 200 Employees,1,1,1,0,0,0,118.0
534,data scientist,Business Services, MI,1001 to 5000 Employees,0,0,0,0,0,0,96.0
535,data scientist,Information Technology, VA,201 to 500 Employees,1,1,1,1,0,1,117.0
536,data scientist,"Oil, Gas, Energy & Utilities", GA,10000+ Employees,1,0,1,0,0,0,93.0
537,data scientist,Business Services, TX,10000+ Employees,1,0,0,0,0,0,97.0
538,data scientist,Biotech & Pharmaceuticals, MA,1001 to 5000 Employees,1,1,0,1,0,0,106.5
539,data scientist,Retail, PA,5001 to 10000 Employees,1,0,0,0,1,1,91.0
540,data scientist,Information Technology, NC,51 to 200 Employees,1,1,1,1,0,0,116.5
541,data scientist,Agriculture & Forestry, CA,201 to 500 Employees,1,0,0,1,0,0,144.0
542,data scientist,Finance, UT,1001 to 5000 Employees,1,1,1,1,0,0,86.5
543,data scientist,Information Technology, CA,1 to 50 Employees,1,1,1,1,0,0,112.0
544,data scientist,Agriculture & Forestry, FL,1 to 50 Employees,1,0,0,0,0,0,104.5
545,data scientist,Information Technology, NY,1001 to 5000 Employees,1,1,1,0,0,0,112.0
546,data scientist,Information Technology, CA,10000+ Employees,1,1,1,0,0,0,135.0
547,data scientist,Biotech & Pharmaceuticals, NC,51 to 200 Employees,0,0,0,1,0,0,47.0
548,data scientist,Aerospace & Defense, DC,1001 to 5000 Employees,1,0,1,1,1,0,95.5
549,data scientist,"Arts, Entertainment & Recreation", CA,1001 to 5000 Employees,1,0,1,1,0,0,140.0
550,data scientist,Education, WA,10000+ Employees,0,0,0,1,0,0,111.0
551,data scientist,Manufacturing, GA,10000+ Employees,1,1,1,0,0,0,126.5
552,data scientist,Insurance, NC,1001 to 5000 Employees,0,0,0,1,0,0,86.5
553,data scientist,"Oil, Gas, Energy & Utilities", CA,10000+ Employees,1,0,0,0,0,0,100.5
554,data scientist,Accounting & Legal, CO,51 to 200 Employees,1,0,0,1,1,1,90.0
555,data scientist,Information Technology, DC,501 to 1000 Employees,1,1,0,0,1,0,114.0
556,data scientist,Information Technology, VA,1001 to 5000 Employees,1,0,0,0,0,0,95.0
557,data scientist,Finance, NY,1001 to 5000 Employees,0,0,1,0,1,0,156.0
558,data scientist,Business Services, OH,1 to 50 Employees,0,0,0,1,0,0,83.5
559,data scientist,Finance, GA,10000+ Employees,1,0,1,1,0,0,86.5
560,data scientist,Information Technology, CA,1001 to 5000 Employees,0,0,0,0,0,0,128.5
561,data scientist,Aerospace & Defense, TN,5001 to 10000 Employees,1,0,0,0,0,0,102.5
562,data scientist,Manufacturing, CT,10000+ Employees,1,1,1,0,1,0,93.0
563,data scientist,Media, PA,201 to 500 Employees,1,0,0,0,0,0,99.5
564,data scientist,Finance, CO,201 to 500 Employees,1,0,1,0,0,0,92.5
565,data scientist,Health Care, NY,10000+ Employees,1,1,1,1,1,1,114.5
566,data scientist,Finance, TX,1001 to 5000 Employees,1,0,0,0,0,1,121.5
567,data scientist,Business Services, MA,10000+ Employees,1,0,0,0,0,0,85.5
568,data scientist,Business Services, NY,1 to 50 Employees,1,0,1,1,0,0,92.0
569,data scientist,Business Services, TX,501 to 1000 Employees,1,0,0,1,0,1,104.5
570,data scientist,Finance, NC,10000+ Employees,0,0,0,0,0,0,90.0
571,data scientist,Business Services, OH,1001 to 5000 Employees,1,0,1,0,0,0,107.0
572,data scientist,Finance, VA,5001 to 10000 Employees,1,0,0,1,0,1,118.0
573,data scientist,Retail, MA,10000+ Employees,0,0,0,1,0,0,125.0
574,data scientist,Business Services, NJ,5001 to 10000 Employees,1,0,1,1,0,0,94.5
575,data scientist,Business Services, CA,201 to 500 Employees,1,0,0,0,0,0,163.0
576,data scientist,Finance, CA,201 to 500 Employees,1,0,0,1,0,1,132.0
577,data scientist,Information Technology, UT,501 to 1000 Employees,1,0,1,1,0,1,81.0
578,data scientist,Information Technology, VA,51 to 200 Employees,0,0,0,0,0,0,87.5
579,data scientist,Information Technology, GA,1001 to 5000 Employees,1,0,0,0,0,0,116.0
580,data scientist,Information Technology, MD,1 to 50 Employees,0,0,0,0,0,0,98.0
581,data scientist,Aerospace & Defense, OH,501 to 1000 Employees,1,0,0,0,0,1,90.0
582,data scientist,Business Services, MA,10000+ Employees,1,0,0,0,0,0,85.5
583,data scientist,Information Technology, OR,10000+ Employees,1,1,1,1,0,0,133.5
584,data scientist,Government, TX,5001 to 10000 Employees,1,1,0,1,1,1,79.5
585,data scientist,Real Estate, NC,501 to 1000 Employees,1,0,0,0,0,0,79.5
586,data scientist,Information Technology, CA,5001 to 10000 Employees,0,0,0,1,0,0,156.0
587,data scientist,Insurance, IL,1001 to 5000 Employees,1,0,1,0,0,0,114.5
588,data scientist,Biotech & Pharmaceuticals, MD,10000+ Employees,1,0,1,0,1,0,121.5
589,data scientist,Manufacturing, MD,1001 to 5000 Employees,1,0,0,0,0,0,78.5
590,data scientist,Biotech & Pharmaceuticals, MA,201 to 500 Employees,1,0,0,0,0,0,82.0
591,data scientist,Aerospace & Defense, DC,10000+ Employees,1,1,1,0,0,1,139.0
592,data scientist,Business Services, FL,201 to 500 Employees,1,0,0,0,0,1,80.0
593,data scientist,Business Services, MA,10000+ Employees,1,0,1,1,0,0,71.5
594,data scientist,Information Technology, NY,1001 to 5000 Employees,1,0,1,0,0,0,155.5
595,data scientist,Information Technology, NY,1001 to 5000 Employees,1,0,0,0,0,0,73.0
596,data scientist,Business Services, TX,501 to 1000 Employees,1,0,1,0,0,0,103.5
597,data scientist,Information Technology, PA,1001 to 5000 Employees,1,0,0,1,0,0,91.0
598,data scientist,Information Technology, CA,501 to 1000 Employees,1,0,0,0,1,0,149.5
599,data scientist,Information Technology, CA,10000+ Employees,1,1,0,0,0,0,103.5
600,data scientist,Finance, NY,201 to 500 Employees,1,0,0,0,0,0,150.5
601,data scientist,Information Technology, AZ,10000+ Employees,1,1,1,1,1,0,92.5
602,data scientist,Retail, CA,10000+ Employees,1,0,0,1,0,0,174.0
603,data scientist,Aerospace & Defense, FL,201 to 500 Employees,1,1,0,1,0,0,86.5
604,data scientist,Information Technology, MN,10000+ Employees,1,0,1,1,0,0,74.5
605,data scientist,Business Services, VA,1001 to 5000 Employees,1,1,0,1,0,0,77.0
606,data scientist,Information Technology, CA,1001 to 5000 Employees,1,0,0,1,0,0,88.5
607,data scientist,Information Technology, NY,51 to 200 Employees,0,0,0,0,0,0,141.0
608,data scientist,Biotech & Pharmaceuticals, PA,10000+ Employees,0,0,0,1,0,0,58.0
609,data scientist,"Oil, Gas, Energy & Utilities", CA,10000+ Employees,1,0,0,0,0,0,100.5
610,data scientist,Manufacturing, CA,501 to 1000 Employees,1,0,0,0,1,0,124.0
611,data scientist,Accounting & Legal, CO,51 to 200 Employees,1,0,0,1,1,1,90.0
612,data scientist,Manufacturing, CA,501 to 1000 Employees,1,0,0,0,1,0,124.0
613,data scientist,Information Technology, NY,51 to 200 Employees,0,0,0,0,0,0,141.0
614,data scientist,Accounting & Legal, CO,51 to 200 Employees,1,0,0,1,1,1,90.0
615,data scientist,"Oil, Gas, Energy & Utilities", CA,10000+ Employees,1,0,0,0,0,0,100.5
616,data scientist,Information Technology, DC,501 to 1000 Employees,1,1,0,0,1,0,114.0
617,data analyst,Health Care, IN,10000+ Employees,0,0,0,0,0,0,51.0
618,data scientist,Information Technology, VA,1001 to 5000 Employees,1,0,0,0,0,0,95.0
619,data scientist,Finance, NY,1001 to 5000 Employees,0,0,1,0,1,0,156.0
620,data scientist,Information Technology, CA,1001 to 5000 Employees,0,0,0,0,0,0,128.5
621,data scientist,Business Services, OH,1 to 50 Employees,0,0,0,1,0,0,83.5
622,data scientist,Media, PA,201 to 500 Employees,1,0,0,0,0,0,99.5
623,data scientist,Aerospace & Defense, TN,5001 to 10000 Employees,1,0,0,0,0,0,102.5
624,data scientist,Business Services, TX,501 to 1000 Employees,1,0,0,1,0,1,104.5
625,data scientist,Finance, TX,1001 to 5000 Employees,1,0,0,0,0,1,121.5
626,data scientist,Finance, NC,10000+ Employees,0,0,0,0,0,0,90.0
627,data scientist,Business Services, OH,1001 to 5000 Employees,1,0,1,0,0,0,107.0
628,data scientist,Business Services, CA,201 to 500 Employees,1,0,0,0,0,0,163.0
629,data scientist,Finance, VA,5001 to 10000 Employees,1,0,0,1,0,1,118.0
630,data scientist,Finance, CA,201 to 500 Employees,1,0,0,1,0,1,132.0
631,data scientist,Information Technology, UT,501 to 1000 Employees,1,0,1,1,0,1,81.0
632,data scientist,Information Technology, VA,51 to 200 Employees,0,0,0,0,0,0,87.5
633,data scientist,Information Technology, GA,1001 to 5000 Employees,1,0,0,0,0,0,116.0
634,data analyst,Manufacturing, IL,501 to 1000 Employees,0,0,0,0,0,0,61.5
635,data scientist,Information Technology, MD,1 to 50 Employees,0,0,0,0,0,0,98.0
636,data scientist,Information Technology, TX,201 to 500 Employees,0,0,0,0,0,0,122.0
637,data scientist,Manufacturing, DE,5001 to 10000 Employees,1,0,0,0,0,0,144.5
638,data scientist,Manufacturing, IL,10000+ Employees,0,0,0,1,0,0,110.5
639,data scientist,Business Services, NY,51 to 200 Employees,1,0,0,0,0,0,79.5
640,data scientist,Telecommunications, WA,10000+ Employees,0,0,0,0,0,0,88.0
641,data scientist,Insurance, CA,10000+ Employees,1,0,0,1,0,0,90.0
642,data scientist,Manufacturing, TX,10000+ Employees,1,1,1,1,0,0,83.0
643,data scientist,Information Technology, IL,10000+ Employees,1,0,1,0,0,1,91.5
644,data scientist,Retail, CA,10000+ Employees,1,0,1,0,0,0,99.0
645,data scientist,Finance, NY,1001 to 5000 Employees,1,0,1,0,1,0,156.0
646,data scientist,Business Services, NY,5001 to 10000 Employees,1,0,1,0,0,0,113.0
647,data scientist,Manufacturing, CA,501 to 1000 Employees,1,0,0,0,0,0,123.0
648,data scientist,Telecommunications, IN,1 to 50 Employees,1,0,0,0,0,0,84.5
649,data scientist,Information Technology, DC,51 to 200 Employees,0,0,0,0,0,0,120.5
650,data scientist,Business Services, CO,51 to 200 Employees,1,0,0,1,0,0,86.0
651,data scientist,Manufacturing, TX,501 to 1000 Employees,1,0,1,1,0,0,90.0
652,data scientist,Information Technology, VA,501 to 1000 Employees,1,0,0,0,0,1,131.0
653,data scientist,Manufacturing, UT,1001 to 5000 Employees,1,0,1,1,1,1,123.0
654,data scientist,Information Technology, GA,1001 to 5000 Employees,1,0,0,0,0,1,84.5
655,data scientist,Finance, TX,1 to 50 Employees,1,0,0,1,0,0,109.5
656,data scientist,Education, UT,10000+ Employees,1,0,0,0,0,0,66.5
657,data scientist,Education, NY,1 to 50 Employees,1,0,0,1,0,0,79.5
658,data scientist,Information Technology, TX,1001 to 5000 Employees,1,0,1,0,0,1,131.5
659,data scientist,Information Technology, IL,10000+ Employees,1,0,0,0,0,0,126.0
660,data scientist,Information Technology, DC,51 to 200 Employees,1,0,1,1,1,0,115.5
661,data scientist,Information Technology, NC,10000+ Employees,1,0,1,0,0,1,115.0
662,data scientist,Biotech & Pharmaceuticals, PA,10000+ Employees,0,0,0,1,0,0,138.0
663,data scientist,Information Technology, AL,10000+ Employees,1,0,0,1,0,0,105.5
664,data scientist,Real Estate, CA,1001 to 5000 Employees,1,0,1,1,0,0,80.5
665,data scientist,Business Services, CA,51 to 200 Employees,1,0,0,1,0,1,89.5
666,data scientist,Information Technology, MA,10000+ Employees,1,1,1,0,0,0,117.0
667,data scientist,Finance, NY,10000+ Employees,1,0,0,0,0,1,94.0
668,data scientist,Business Services, NY,201 to 500 Employees,1,0,0,0,0,1,100.0
669,data scientist,Information Technology, TX,10000+ Employees,1,1,1,0,0,0,122.0
670,data scientist,Aerospace & Defense, MD,5001 to 10000 Employees,1,1,0,1,1,0,130.0
671,data scientist,Information Technology, TX,1 to 50 Employees,0,0,1,0,0,0,81.5
672,data scientist,Business Services, MA,201 to 500 Employees,1,0,0,0,0,0,67.5
673,data scientist,Business Services, CA,1 to 50 Employees,0,0,1,0,1,0,122.5
674,data scientist,Aerospace & Defense, TX,10000+ Employees,1,0,0,1,0,0,87.0
675,data scientist,Non-Profit, NY,201 to 500 Employees,1,0,0,0,0,0,107.0
676,data scientist,Biotech & Pharmaceuticals, NC,10000+ Employees,1,1,1,0,0,0,88.5
677,data scientist,Business Services, VA,201 to 500 Employees,1,1,1,1,0,0,83.5
678,data scientist,Retail, CA,10000+ Employees,1,0,1,0,0,0,99.0
679,data scientist,Business Services, NY,5001 to 10000 Employees,1,0,1,0,0,0,113.0
680,data scientist,Information Technology, IL,10000+ Employees,1,0,1,0,0,1,91.5
681,data scientist,Information Technology, IL,51 to 200 Employees,1,0,1,1,0,1,107.5
682,data scientist,Finance, NY,1001 to 5000 Employees,1,0,1,0,1,0,156.0
683,data scientist,Telecommunications, IN,1 to 50 Employees,1,0,0,0,0,0,84.5
684,data scientist,Business Services, CO,51 to 200 Employees,1,0,0,1,0,0,86.0
685,data scientist,Information Technology, DC,51 to 200 Employees,0,0,0,0,0,0,120.5
686,data scientist,Manufacturing, TX,501 to 1000 Employees,1,0,1,1,0,0,90.0
687,data scientist,Manufacturing, UT,1001 to 5000 Employees,1,0,1,1,1,1,123.0
688,data scientist,Finance, TX,1 to 50 Employees,1,0,0,1,0,0,109.5
689,data scientist,Information Technology, TX,1001 to 5000 Employees,1,0,1,0,0,1,131.5
690,data scientist,Education, NY,1 to 50 Employees,1,0,0,1,0,0,79.5
691,data scientist,Biotech & Pharmaceuticals, PA,10000+ Employees,0,0,0,1,0,0,138.0
692,data scientist,Information Technology, IL,10000+ Employees,1,0,0,0,0,0,126.0
693,data scientist,Real Estate, CA,1001 to 5000 Employees,1,0,1,1,0,0,80.5
694,data scientist,Information Technology, NC,10000+ Employees,1,0,1,0,0,1,115.0
695,data analyst,Business Services, WA,201 to 500 Employees,1,0,0,0,0,0,56.0
696,data scientist,Information Technology, AL,10000+ Employees,1,0,0,1,0,0,105.5
697,data scientist,Business Services, NJ,10000+ Employees,1,0,1,1,0,1,98.0
698,data scientist,Business Services, NY,201 to 500 Employees,1,0,0,0,0,1,100.0
699,data scientist,Information Technology, TX,1 to 50 Employees,0,0,1,0,0,0,81.5
700,data scientist,Aerospace & Defense, MD,5001 to 10000 Employees,1,1,0,1,1,0,130.0
701,data scientist,Business Services, IL,1001 to 5000 Employees,1,0,0,1,0,0,102.5
702,data analyst,Business Services, MI,201 to 500 Employees,1,0,0,1,0,0,79.5
703,data analyst,Non-Profit, CA,201 to 500 Employees,0,0,0,0,0,0,38.5
704,data scientist,Business Services, PA,1001 to 5000 Employees,1,0,1,1,1,0,120.0
705,data scientist,Biotech & Pharmaceuticals, MO,10000+ Employees,1,0,0,1,1,0,88.0
706,data scientist,Information Technology, TX,51 to 200 Employees,1,1,1,0,1,0,120.0
707,data scientist,Aerospace & Defense, VA,51 to 200 Employees,1,0,0,0,1,0,90.5
708,data scientist,Media, TX,1001 to 5000 Employees,1,0,1,0,0,1,136.0
709,data scientist,Information Technology, DC,1 to 50 Employees,0,0,0,1,0,0,102.0
710,data scientist,Education, CA,10000+ Employees,0,1,0,1,0,0,112.0
711,data analyst,Business Services, FL,1001 to 5000 Employees,0,0,0,1,0,0,56.5
712,data engineer,Insurance, NH,10000+ Employees,0,0,0,0,0,0,130.5
713,data scientist,Insurance, NJ,5001 to 10000 Employees,1,0,1,1,0,0,109.0
714,data scientist,Transportation & Logistics, PA,1001 to 5000 Employees,1,0,0,1,0,1,67.0
715,data analyst,Health Care, FL,51 to 200 Employees,0,0,0,0,0,0,41.0
716,data scientist,Information Technology, DC,51 to 200 Employees,1,0,1,1,1,0,100.5
717,data scientist,Information Technology, CA,10000+ Employees,1,0,0,0,0,0,154.0
718,data scientist,"Restaurants, Bars & Food Services", IL,10000+ Employees,1,0,1,0,0,0,90.0
719,data scientist,Information Technology, WA,10000+ Employees,1,0,0,1,1,1,110.0
720,data scientist,Information Technology, DC,10000+ Employees,1,0,0,0,0,0,88.0
721,data scientist,Information Technology, KS,1001 to 5000 Employees,1,0,0,0,0,1,90.0
722,data scientist,Information Technology, CA,1001 to 5000 Employees,1,1,0,0,1,0,96.0
723,data scientist,Information Technology, MA,501 to 1000 Employees,1,1,1,1,0,1,111.5
724,data scientist,Business Services, CA,51 to 200 Employees,1,0,0,1,0,1,89.5
725,data scientist,Information Technology, CA,10000+ Employees,1,0,1,0,0,0,121.5
726,data scientist,Biotech & Pharmaceuticals, MA,501 to 1000 Employees,0,0,0,0,0,0,179.0
727,data scientist,Information Technology, NY,10000+ Employees,1,0,0,0,0,1,135.5
728,data scientist,Information Technology, WA,10000+ Employees,1,1,1,0,0,0,110.0
729,data scientist,Government, MD,51 to 200 Employees,1,0,0,0,0,1,110.0
730,data scientist,Biotech & Pharmaceuticals, MA,501 to 1000 Employees,0,0,0,1,0,0,188.5
731,data scientist,Insurance, NC,5001 to 10000 Employees,1,0,0,1,0,0,81.5
732,data scientist,Health Care, NY,51 to 200 Employees,1,0,0,0,0,0,105.0
733,data scientist,Aerospace & Defense, MD,10000+ Employees,0,0,0,1,0,0,87.0
734,data scientist,Biotech & Pharmaceuticals, MA,1001 to 5000 Employees,1,0,0,1,0,0,114.5
735,data scientist,Health Care, AL,5001 to 10000 Employees,1,0,0,1,0,1,83.5
736,data scientist,Business Services, VA,10000+ Employees,1,0,0,0,0,0,115.0
737,data scientist,Finance, SC,501 to 1000 Employees,1,0,0,1,0,1,76.0
738,data scientist,Government, VA,1001 to 5000 Employees,1,0,0,1,0,0,86.5
739,data scientist,Information Technology, CA,10000+ Employees,1,1,0,1,1,0,153.5
740,data scientist,Business Services, DC,501 to 1000 Employees,1,0,1,1,0,0,105.5
741,data scientist,Aerospace & Defense, VA,201 to 500 Employees,0,0,0,0,0,0,85.0
742,data scientist,Health Care, CA,10000+ Employees,1,0,0,0,0,0,120.0
743,data scientist,Telecommunications, CA,10000+ Employees,1,0,1,1,0,0,137.5
744,data scientist,Finance, GA,10000+ Employees,1,1,1,0,1,1,103.5
745,data scientist,Information Technology, NE,1001 to 5000 Employees,0,0,0,1,0,0,87.0
746,data scientist,Manufacturing, IL,5001 to 10000 Employees,1,0,0,0,0,1,95.5
747,data scientist,Finance, GA,201 to 500 Employees,1,0,0,0,0,0,89.0
748,data scientist,Aerospace & Defense, NY,10000+ Employees,1,0,0,1,1,0,126.0
749,data scientist,"Restaurants, Bars & Food Services", IL,10000+ Employees,1,0,1,0,0,0,90.0
750,data scientist,Information Technology, IL,501 to 1000 Employees,1,1,0,1,1,0,103.0
751,data scientist,Information Technology, CA,5001 to 10000 Employees,1,1,1,1,0,0,181.0
752,data scientist,Information Technology, VA,51 to 200 Employees,1,0,0,0,0,0,103.5
753,data scientist,Information Technology, MA,1 to 50 Employees,1,0,1,0,0,0,138.5
754,data scientist,Media, CA,10000+ Employees,1,1,1,1,0,1,98.5
755,data scientist,Education, CA,10000+ Employees,0,1,0,1,0,0,112.0
756,data scientist,Information Technology, DC,1 to 50 Employees,0,0,0,1,0,0,102.0
757,data scientist,Insurance, MA,10000+ Employees,1,0,0,1,0,1,111.0
758,data engineer,Insurance, NH,10000+ Employees,0,0,0,0,0,0,130.5
759,data scientist,Telecommunications, CO,10000+ Employees,1,1,1,0,0,0,83.0
760,data scientist,Insurance, NJ,5001 to 10000 Employees,1,0,1,1,0,0,109.0
761,data scientist,Government, VA,51 to 200 Employees,1,0,0,0,0,1,103.0
762,data scientist,Information Technology, VA,51 to 200 Employees,1,0,0,0,0,0,103.5
763,data scientist,Information Technology, CA,5001 to 10000 Employees,1,1,1,1,0,0,181.0
764,data scientist,Information Technology, MA,1 to 50 Employees,1,0,1,0,0,0,138.5
765,data scientist,Education, CA,10000+ Employees,0,1,0,1,0,0,112.0
766,data scientist,Information Technology, DC,1 to 50 Employees,0,0,0,1,0,0,102.0
767,data scientist,Insurance, NJ,5001 to 10000 Employees,1,0,1,1,0,0,109.0
768,data engineer,Insurance, NH,10000+ Employees,0,0,0,0,0,0,130.5
769,data scientist,Media, CA,201 to 500 Employees,1,0,1,1,0,1,89.5
770,data scientist,Government, VA,51 to 200 Employees,1,0,0,0,0,1,103.0
771,data scientist,Information Technology, CA,10000+ Employees,1,0,0,0,0,0,154.0
772,data scientist,Transportation & Logistics, PA,1001 to 5000 Employees,1,0,0,1,0,1,67.0
773,data scientist,Business Services, VA,10000+ Employees,1,0,0,0,1,0,138.0
774,data scientist,Information Technology, CA,10000+ Employees,1,1,0,0,1,0,114.5
775,data scientist,Information Technology, WA,10000+ Employees,1,0,0,1,1,1,110.0
776,data scientist,Information Technology, KS,1001 to 5000 Employees,1,0,0,0,0,1,90.0
777,data scientist,Information Technology, MA,501 to 1000 Employees,1,1,1,1,0,1,111.5
778,data scientist,Information Technology, DC,10000+ Employees,1,0,0,0,0,0,88.0
779,data scientist,Information Technology, CA,1001 to 5000 Employees,1,1,0,0,1,0,96.0
780,data analyst,Business Services, WA,201 to 500 Employees,1,0,0,0,0,0,56.0
781,data scientist,Information Technology, CA,10000+ Employees,1,0,1,0,0,0,121.5
782,data scientist,Telecommunications, CT,10000+ Employees,1,0,0,1,0,0,84.5
783,data scientist,Information Technology, NY,10000+ Employees,1,0,0,0,0,1,135.5
784,data scientist,Biotech & Pharmaceuticals, MA,501 to 1000 Employees,0,0,0,0,0,0,179.0
785,data scientist,Aerospace & Defense, VA,501 to 1000 Employees,1,1,1,0,1,0,95.0
786,data scientist,Government, MD,51 to 200 Employees,1,0,0,0,0,1,110.0
787,data scientist,Insurance, NC,5001 to 10000 Employees,1,0,0,1,0,0,81.5
788,data scientist,Information Technology, WA,10000+ Employees,1,1,1,0,0,0,110.0
789,data scientist,Biotech & Pharmaceuticals, MA,501 to 1000 Employees,0,0,0,1,0,0,188.5
790,data scientist,Information Technology, WA,10000+ Employees,1,0,0,0,0,0,120.5
791,data engineer,Finance, TX,5001 to 10000 Employees,1,1,1,1,0,0,74.0
792,data scientist,Business Services, OR,201 to 500 Employees,1,1,0,1,0,0,93.0
793,data scientist,Finance, OH,1001 to 5000 Employees,1,0,0,0,1,0,98.5
794,data scientist,Business Services, TX,201 to 500 Employees,1,0,0,0,0,0,113.0
795,data scientist,Retail, CA,1001 to 5000 Employees,0,0,0,1,0,0,114.5
796,data scientist,Travel & Tourism, CA,51 to 200 Employees,1,0,0,1,1,1,89.0
797,data scientist,Health Care,OH,10000+ Employees,0,0,0,0,0,1,85.5
798,data scientist,Aerospace & Defense, MD,10000+ Employees,0,1,0,1,0,0,133.0
799,data scientist,Information Technology, CA,10000+ Employees,1,1,1,0,0,0,102.5
800,data scientist,Finance, IN,5001 to 10000 Employees,1,0,0,1,1,0,72.5
801,data scientist,Information Technology, TX,51 to 200 Employees,1,0,0,0,0,0,79.5
802,data scientist,Media, NY,201 to 500 Employees,1,0,0,1,0,0,121.5
803,data scientist,Information Technology, WA,10000+ Employees,1,0,1,0,0,0,131.5
804,data scientist,Business Services, MA,201 to 500 Employees,1,0,0,0,0,0,67.5
805,data scientist,Business Services, CA,1 to 50 Employees,0,0,1,0,1,0,122.5
806,data scientist,Aerospace & Defense, TX,10000+ Employees,1,0,0,1,0,0,87.0
807,data scientist,Non-Profit, NY,201 to 500 Employees,1,0,0,0,0,0,107.0
808,data scientist,Health Care, NY,5001 to 10000 Employees,1,0,0,0,0,0,84.0
809,data scientist,Information Technology, CA,1001 to 5000 Employees,1,0,0,1,0,0,126.5
810,data scientist,Biotech & Pharmaceuticals, NC,10000+ Employees,1,1,1,0,0,0,88.5
811,data scientist,Retail, CA,10000+ Employees,1,0,1,0,0,0,99.0
812,data scientist,Business Services, VA,201 to 500 Employees,1,1,1,1,0,0,83.5
813,data scientist,Information Technology, IL,10000+ Employees,1,0,1,0,0,1,91.5
814,data scientist,Business Services, NY,5001 to 10000 Employees,1,0,1,0,0,0,113.0
815,data scientist,Information Technology, IL,51 to 200 Employees,1,0,1,1,0,1,107.5
816,data scientist,Finance, NY,1001 to 5000 Employees,1,0,1,0,1,0,156.0
817,data scientist,Manufacturing, CA,501 to 1000 Employees,1,0,0,0,0,0,123.0
818,data scientist,Telecommunications, IN,1 to 50 Employees,1,0,0,0,0,0,84.5
819,data scientist,Business Services, CO,51 to 200 Employees,1,0,0,1,0,0,86.0
820,data scientist,Information Technology, DC,51 to 200 Employees,0,0,0,0,0,0,120.5
821,data scientist,Business Services, GA,10000+ Employees,1,0,0,1,0,1,129.5
822,data scientist,Non-Profit, NY,201 to 500 Employees,1,0,0,0,0,0,107.0
823,data scientist,Health Care, NY,5001 to 10000 Employees,1,0,0,0,0,0,84.0
824,data scientist,Biotech & Pharmaceuticals, NC,10000+ Employees,1,1,1,0,0,0,88.5
825,data scientist,Information Technology, CA,1001 to 5000 Employees,1,0,0,1,0,0,126.5
826,data scientist,Business Services, VA,201 to 500 Employees,1,1,1,1,0,0,83.5
827,data scientist,Manufacturing, TX,10000+ Employees,1,1,1,1,0,0,83.0
828,data scientist,Information Technology, IL,10000+ Employees,1,0,1,0,0,1,91.5
829,data scientist,Retail, CA,10000+ Employees,1,0,1,0,0,0,99.0
830,data scientist,Aerospace & Defense, OH,501 to 1000 Employees,1,0,0,0,0,1,90.0
831,data scientist,Business Services, NY,5001 to 10000 Employees,1,0,1,0,0,0,113.0
832,data scientist,Telecommunications, IN,1 to 50 Employees,1,0,0,0,0,0,84.5
833,data scientist,Finance, NY,1001 to 5000 Employees,1,0,1,0,1,0,156.0
834,data scientist,Business Services, CO,51 to 200 Employees,1,0,0,1,0,0,86.0
835,data scientist,Manufacturing, CA,501 to 1000 Employees,1,0,0,0,0,0,123.0
836,data scientist,Information Technology, DC,51 to 200 Employees,0,0,0,0,0,0,120.5
837,data scientist,Information Technology, VA,501 to 1000 Employees,1,0,0,0,0,1,131.0
838,data scientist,Biotech & Pharmaceuticals, CT,51 to 200 Employees,0,0,0,1,0,0,82.0
839,data scientist,Manufacturing, UT,1001 to 5000 Employees,1,0,1,1,1,1,123.0
840,data scientist,Information Technology, GA,1001 to 5000 Employees,1,0,0,0,0,1,84.5
841,data scientist,Finance, TX,1 to 50 Employees,1,0,0,1,0,0,109.5
842,data scientist,Education, UT,10000+ Employees,1,0,0,0,0,0,66.5
843,data scientist,Education, NY,1 to 50 Employees,1,0,0,1,0,0,79.5
844,data scientist,Information Technology, IL,10000+ Employees,1,0,0,0,0,0,126.0
845,data scientist,Information Technology, DC,51 to 200 Employees,1,0,1,1,1,0,115.5
846,data scientist,Information Technology, NC,10000+ Employees,1,0,1,0,0,1,115.0
847,data scientist,Real Estate, CA,1001 to 5000 Employees,1,0,1,1,0,0,80.5
848,data scientist,Business Services, CA,51 to 200 Employees,1,0,0,1,0,1,89.5
849,data scientist,Information Technology, AL,10000+ Employees,1,0,0,1,0,0,105.5
850,data scientist,Information Technology, MA,10000+ Employees,1,1,1,0,0,0,117.0
851,data scientist,Business Services, VA,51 to 200 Employees,1,0,0,1,0,1,87.5
852,data scientist,Business Services, VA,51 to 200 Employees,1,0,0,1,0,1,87.5
853,data scientist,Finance, NY,10000+ Employees,1,0,0,0,0,1,94.0
854,data scientist,Business Services, NY,201 to 500 Employees,1,0,0,0,0,1,100.0
855,data scientist,Information Technology, TX,10000+ Employees,1,1,1,0,0,0,122.0
856,data scientist,Aerospace & Defense, MD,5001 to 10000 Employees,1,1,0,1,1,0,130.0
857,data scientist,Business Services, OH,51 to 200 Employees,1,0,0,0,0,0,63.5
858,data scientist,Business Services, CA,10000+ Employees,1,0,0,1,0,1,101.0
859,data scientist,Information Technology, TX,1 to 50 Employees,0,0,1,0,0,0,81.5
860,data scientist,Finance, NJ,501 to 1000 Employees,1,1,0,0,0,0,131.5
861,data scientist,Information Technology, RI,1 to 50 Employees,1,0,0,0,0,1,81.0
862,data scientist,Finance, CA,51 to 200 Employees,1,0,0,0,0,0,126.5
863,data scientist,Business Services, DC,1 to 50 Employees,1,0,1,0,0,0,80.0
864,data scientist,Manufacturing, CA,1001 to 5000 Employees,1,0,0,1,0,0,115.0
865,data scientist,Health Care, WA,5001 to 10000 Employees,1,0,0,1,1,1,160.0
866,data scientist,Manufacturing, MD,10000+ Employees,1,0,0,0,0,0,95.0
867,data scientist,Business Services, PA,51 to 200 Employees,1,0,0,1,0,0,67.0
869,data analyst,"Oil, Gas, Energy & Utilities", WI,201 to 500 Employees,1,0,0,1,0,0,79.5
870,data scientist,Information Technology, NY,501 to 1000 Employees,1,0,0,1,0,0,118.0
871,data scientist,Information Technology, NC,10000+ Employees,1,1,0,0,0,1,90.5
872,data scientist,Health Care, CA,10000+ Employees,1,0,0,1,0,1,127.5
873,data scientist,Biotech & Pharmaceuticals, PA,10000+ Employees,1,0,0,1,0,1,88.5
874,data scientist,Finance, PA,10000+ Employees,1,0,1,0,0,0,88.0
875,data scientist,Biotech & Pharmaceutica, CA,51 to 200 Employees,1,1,0,1,0,0,126.5
876,data scientist,Business Services, TX,10000+ Employees,1,0,0,1,0,1,93.0
877,data scientist,Biotech & Pharmaceuticals, NY,5001 to 10000 Employees,0,0,0,0,0,0,99.0
878,data scientist,Telecommunications, IL,10000+ Employees,0,0,0,1,0,0,95.5
879,data scientist,Information Technology, TX,1 to 50 Employees,1,1,1,0,0,1,83.5
880,data scientist,Information Technology, FL,51 to 200 Employees,1,0,1,0,1,0,92.5
881,data scientist,Insurance, IL,10000+ Employees,1,0,0,1,0,0,97.0
882,data scientist,Business Services, NY,201 to 500 Employees,1,0,1,0,1,0,112.5
883,data scientist,Health Care, TX,201 to 500 Employees,1,0,0,0,0,0,82.0
884,data scientist,Aerospace & Defense, VA,1001 to 5000 Employees,1,1,1,1,0,0,89.5
885,data engineer,Finance, CA,1001 to 5000 Employees,1,1,0,1,0,0,112.0
886,data scientist,Biotech & Pharmaceuticals, CT,51 to 200 Employees,0,0,0,1,0,0,82.0
887,data scientist,Finance, NJ,501 to 1000 Employees,1,1,0,0,0,0,131.5
888,mach. learn. engineer,Finance, TX,1001 to 5000 Employees,1,1,1,0,0,1,77.5
889,data scientist,Health Care, PA,1 to 50 Employees,1,0,0,1,0,0,88.5
890,data scientist,Business Services, CO,501 to 1000 Employees,1,1,1,1,0,0,86.5
891,data scientist,Biotech & Pharmaceuticals, CA,10000+ Employees,1,0,1,1,0,0,165.5
892,data scientist,Business Services, DC,1 to 50 Employees,1,0,1,0,0,0,80.0
893,data scientist,Real Estate, CA,1001 to 5000 Employees,1,0,1,1,0,0,80.5
894,data scientist,Aerospace & Defense, MD,5001 to 10000 Employees,1,1,0,1,1,0,130.0
895,data scientist,Biotech & Pharmaceuticals, NC,51 to 200 Employees,0,0,0,1,0,0,47.0
896,data scientist,Information Technology, RI,1 to 50 Employees,1,0,0,0,0,1,81.0
897,data scientist,Business Services, VA,51 to 200 Employees,1,1,0,0,0,0,80.0
898,data scientist,Information Technology, MD,51 to 200 Employees,0,0,0,0,0,0,125.5
899,data scientist,Information Technology, DC,51 to 200 Employees,1,0,0,0,0,1,79.0
900,data scientist,Insurance, IL,1001 to 5000 Employees,1,0,1,0,0,0,82.0
901,data scientist,Information Technology, IL,51 to 200 Employees,1,0,1,1,0,1,107.5
902,data scientist,Information Technology, NE,1001 to 5000 Employees,0,0,0,1,0,0,87.0
903,data scientist,Information Technology, FL,501 to 1000 Employees,1,1,0,1,0,0,72.0
904,data scientist,Media, DC,5001 to 10000 Employees,1,0,0,0,0,1,110.0
905,data scientist,Education, NY,51 to 200 Employees,1,1,0,0,0,1,91.5
906,data scientist,Business Services, VA,51 to 200 Employees,1,0,0,0,0,1,72.5
907,data scientist,Media, NY,10000+ Employees,1,1,0,1,1,0,175.5
908,data engineer,Health Care, MO,1001 to 5000 Employees,0,0,0,1,0,1,110.5
909,data scientist,Information Technology, TX,10000+ Employees,1,0,1,0,0,0,84.0
910,data scientist,Finance, FL,1001 to 5000 Employees,0,0,0,0,0,0,99.5
911,data scientist,Biotech & Pharmaceuticals, MA,1001 to 5000 Employees,1,0,0,1,0,0,114.5
